time,acl_acu_air_vol,eigenvalue,fuel_griffin_vol,griffin_power,integrated_power,power_scaling,single_acm_air_vol
0,0,0,0.013620466546737,600000,600000,6.1310570583307e+32,0
1,0.00022129873376961,1.0564350896019,0.013620466546737,600000,600000,4.4956864831324e+15,0.0013277924026177
